"","ID","specificity_1","specificity_2","specificity_3","specificity_CTRL_1","specificity_CTRL_2","specificity_CTRL_3","median_specificity","median_CTRL_specificity","FC","pval","p_val_adj","FC_sign","FC_sign_pos"
"1","A_1",-7.69906046847496,-7.69647697773352,-7.69012734370495,-7.72962478626136,-7.73156976032512,-7.72962478626136,-7.69522159663781,-7.73027311094928,0.0350515143114674,0.000212776149500592,0.000259879266565609,0.0350515143114674,0.0350515143114674
"2","C_1",-10.9006943296446,-10.9316002450836,-10.9110362738661,-10.0992400090267,-10.0988949904813,-10.0992400090267,-10.9144436161981,-10.0991250028449,-0.81531861335322,9.23707626381572e-08,3.39754529243797e-07,-0.81531861335322,0
"3","D_1",-7.80597567239147,-7.79721140086806,-7.79515991547226,-8.20342885929866,-8.20308384075322,-8.20342885929866,-7.79944899624393,-8.20331385311685,0.403864856872922,2.73431074657357e-08,1.36431494218217e-07,0.403864856872922,0.403864856872922
"4","E_1",-7.21219422481505,-7.21504986213786,-7.21780004107513,-7.56543159625564,-7.5650865777102,-7.56543159625564,-7.21501470934268,-7.56531659007383,0.350301880731146,2.76051455597221e-09,2.76051455597221e-08,0.350301880731146,0.350301880731146
"5","F_1",-8.80356515380079,-8.79122758871906,-8.78680336311663,-8.79635766982988,-8.79601265128444,-8.79635766982988,-8.79386536854549,-8.79624266364806,0.0023772951025709,0.660286429627451,0.666535197100266,0,0
"6","G_1",-7.86632767057375,-7.85470664554346,-7.86255920075784,-7.9719856238304,-7.97299461293094,-7.9719856238304,-7.86119783895835,-7.97232195353058,0.11112411457223,5.47208355378549e-06,9.12013925630915e-06,0.11112411457223,0.11112411457223
"7","H_1",-9.65059897951832,-9.67648550254606,-9.6812491923585,-9.61212483170368,-9.61177981315824,-9.61212483170368,-9.66944455814096,-9.61200982552187,-0.0574347326190896,0.00380993182568698,0.00424800761052207,-0.0574347326190896,0
"8","I_1",-8.3417270374564,-8.35544005989845,-8.35402031364783,-8.51427750830554,-8.51393248976009,-8.51427750830554,-8.35039580366756,-8.51416250212372,0.163766698456161,2.98710536506237e-06,5.40041647920881e-06,0.163766698456161,0.163766698456161
"9","K_1",-8.39698214944662,-8.38577613826941,-8.38973241036723,-7.8713676583751,-7.87102263982966,-7.8713676583751,-8.39083023269442,-7.87125265219329,-0.519577580501136,9.56308473930306e-09,6.95497071949313e-08,-0.519577580501136,0
"10","L_1",-7.45822470308603,-7.46548283805841,-7.46012173825863,-7.47538849491194,-7.4750434763665,-7.47538849491194,-7.46127642646769,-7.47527348873013,0.0139970622624377,0.00300601045249732,0.00336336833845854,0.0139970622624377,0.0139970622624377
"11","M_1",-9.36819924881759,-9.38217390158922,-9.36819924881759,-9.50641539053257,-9.50607037198712,-9.50641539053257,-9.37285746640813,-9.50630038435075,0.133442917942618,8.84821083043427e-06,1.39479185504383e-05,0.133442917942618,0.133442917942618
"12","N_1",-8.53013145950637,-8.52183768784544,-8.52615160859383,-8.68790267859044,-8.687557660045,-8.68790267859044,-8.52604025198188,-8.68778767240863,0.161747420426746,2.89255811151802e-07,8.04885735378926e-07,0.161747420426746,0.161747420426746
"13","P_1",-8.35402031364783,-8.37142084529234,-8.35402031364783,-8.10813640951509,-8.10779139096965,-8.10813640951509,-8.35982049086267,-8.10802140333328,-0.251799087529392,1.68463493441158e-06,3.41191885450446e-06,-0.251799087529392,0
"14","Q_1",-8.23556148023947,-8.2142490322306,-8.22746098146836,-8.3771323735876,-8.37678735504216,-8.3771323735876,-8.22575716464614,-8.37701736740579,0.151260202759643,1.68791131140752e-05,2.46635442762743e-05,0.151260202759643,0.151260202759643
"15","R_1",-8.90069432964461,-8.89777536743535,-8.93458032379702,-8.21459405077604,-8.2142490322306,-8.21459405077604,-8.91101667362566,-8.21447904459423,-0.696537629031432,4.95341665521748e-07,1.20999490814473e-06,-0.696537629031432,0
"16","S_1",-7.90327287374639,-7.90939445070218,-7.90456387610626,-7.73995849965696,-7.73961348111152,-7.73995849965696,-7.90574373351828,-7.73984349347515,-0.165900240043131,9.60651314602372e-08,3.45402719857033e-07,-0.165900240043131,0
"17","T_1",-8.20184086239547,-8.20467358751561,-8.19392699153151,-8.21459405077604,-8.2158511368271,-8.21459405077604,-8.20014714714753,-8.21501307945973,0.014865932312194,0.0101523599390695,0.0111258739058296,0,0
"18","V_1",-7.93458032379702,-7.93423530525158,-7.94251450533924,-7.97740929578543,-7.97706427723998,-7.97740929578543,-7.93711004479595,-7.97729428960361,0.0401842448076639,0.000119824355084044,0.000152764118035435,0.0401842448076639,0.0401842448076639
"19","W_1",-10.9855832272311,-11.0072645150157,-11.0076095335611,-10.6037125918875,-10.603367573342,-10.6037125918875,-11.0001524252693,-10.6035975857057,-0.396554839563644,6.82280276412664e-07,1.58668944092314e-06,-0.396554839563644,0
"20","Y_1",-9.28178449700012,-9.27808826895504,-9.27175413186285,-9.27175413186285,-9.27140911331741,-9.27175413186285,-9.27720896593934,-9.27163912568104,-0.00556984025829621,0.130186976144337,0.135259195994116,0,0
"21","A_2",-7.57567805296968,-7.57945208087938,-7.57259646751704,-7.77849493596937,-7.77578484305673,-7.77849493596937,-7.57590886712204,-7.77759157166516,0.20168270454312,8.1619764649087e-08,3.10932436758427e-07,0.20168270454312,0.20168270454312
"22","C_2",-10.782049833146,-10.7628457873492,-10.7445751277273,-10.1051648429838,-10.1048198244384,-10.1051648429838,-10.7631569160742,-10.105049836802,-0.658107079272202,4.3757345660935e-07,1.09393364152337e-06,-0.658107079272202,0
"23","D_2",-7.88659413259976,-7.90939445070218,-7.89812038598079,-8.21139516910872,-8.2142490322306,-8.21139516910872,-7.89803632309424,-8.21234645681601,0.314310133721773,1.19899046532862e-06,2.52419045332341e-06,0.314310133721773,0.314310133721773
"24","E_2",-7.38341863643503,-7.37589154933757,-7.38341863643503,-7.63337256540772,-7.63302754686228,-7.63337256540772,-7.38090960740254,-7.63325755922591,0.252347951823363,5.88452079696759e-08,2.35380831878704e-07,0.252347951823363,0.252347951823363
"25","F_2",-8.73535659769795,-8.7373106952421,-8.74226496704013,-9.06708134125232,-9.06963039597606,-9.06708134125232,-8.73831075332673,-9.06793102616023,0.329620272833504,1.24457307538744e-08,8.54696856067924e-08,0.329620272833504,0.329620272833504
"26","G_2",-7.85630021028616,-7.86850044505983,-7.86758601783267,-7.86884546360527,-7.86724099928723,-7.86884546360527,-7.86412889105956,-7.86831064216593,0.00418175110637087,0.350475320148788,0.357172300788574,0,0
"27","H_2",-9.98558322723113,-9.94748328669027,-9.97469491108839,-9.48694552633434,-9.4866005077889,-9.48694552633434,-9.96925380833659,-9.48683052015253,-0.482423288184066,1.8190696326804e-06,3.57776883833518e-06,-0.482423288184066,0
"28","I_2",-8.06708134125232,-8.06384804338205,-8.07432743906121,-8.47155663332092,-8.47121161477547,-8.47155663332092,-8.06841894123186,-8.4714416271391,0.403022685907244,2.10033841373484e-08,1.17913735507921e-07,0.403022685907244,0.403022685907244
"29","K_2",-8.48694552633434,-8.49241392750554,-8.48501291380034,-7.78680336311663,-7.78645834457119,-7.78680336311663,-8.48812412254674,-7.78668835693481,-0.701435765611928,6.01170461750113e-10,9.16069275047792e-09,-0.701435765611928,0
"30","L_2",-7.27092140742941,-7.26808109559966,-7.26676497977518,-7.43099437555349,-7.43064935700805,-7.43099437555349,-7.26858916093475,-7.43087936937167,0.162290208436925,1.99078722407836e-08,1.13759269947335e-07,0.162290208436925,0.162290208436925
"31","M_2",-9.46773492236851,-9.46738990382307,-9.4375203093215,-9.44501484586842,-9.44466982732298,-9.44501484586842,-9.45754837850436,-9.44489983968661,-0.0126485388177482,0.275216255694412,0.2822730827635,0,0
"32","N_2",-8.64843439540499,-8.63946337184395,-8.6398083903894,-8.68568143867376,-8.68533642012832,-8.68568143867376,-8.64256871921278,-8.68556643249195,0.0429977132791688,0.000126610311431726,0.000160139524340523,0.0429977132791688,0.0429977132791688
"33","P_2",-8.4079255271332,-8.41124682578553,-8.41710884929854,-8.0816101150049,-8.08126509645946,-8.0816101150049,-8.41209373407242,-8.08149510882309,-0.330598625249337,2.61739436726587e-08,1.34240495135341e-07,-0.330598625249337,0
"34","Q_2",-8.40426850352511,-8.38577613826941,-8.3988002908856,-8.37534131806161,-8.37499629951617,-8.37534131806161,-8.39628164422671,-8.3752263118798,-0.0210553323469114,0.0184911628237914,0.0200582105207229,0,0
"35","R_2",-9.0757810362027,-9.07253028648185,-9.08453351021167,-8.25190021705422,-8.25155519850878,-8.25190021705422,-9.07761494429874,-8.25178521087241,-0.825829733426334,2.13328517493761e-09,2.27550418660012e-08,-0.825829733426334,0
"36","S_2",-7.92668953817756,-7.92765665709491,-7.92145288981141,-7.7975564194135,-7.7996118923385,-7.7975564194135,-7.92526636169463,-7.79824157705517,-0.127024784639455,4.02557873868593e-07,1.04569955105986e-06,-0.127024784639455,0
"37","T_2",-8.12459034157145,-8.12876552006339,-8.13213189058407,-8.20979838417439,-8.21264870478876,-8.20979838417439,-8.1284959174063,-8.21074849104585,0.0822525736395452,4.17673929366039e-06,7.2638944237572e-06,0.0822525736395452,0.0822525736395452
"38","V_2",-7.84015278770956,-7.83857311351248,-7.83768453211881,-8.00899740768537,-8.00865238913993,-8.00899740768537,-7.83880347778029,-8.00888240150355,0.170078923723269,2.04586628274335e-09,2.25750762233749e-08,0.170078923723269,0.170078923723269
"39","W_2",-10.8500682565746,-10.8299599832078,-10.8303050017532,-10.4753884949119,-10.4750434763665,-10.4753884949119,-10.8367777471785,-10.4752734887301,-0.361504258448416,6.84259821398102e-07,1.58668944092314e-06,-0.361504258448416,0
"40","Y_2",-9.30546349346963,-9.31195590497774,-9.30205689202638,-9.24534250103206,-9.24499748248662,-9.24534250103206,-9.30649209682458,-9.24522749485025,-0.0612646019743384,2.99145943992475e-05,4.10844214925288e-05,-0.0612646019743384,0
"41","A_3",-7.60791258041677,-7.61706248123893,-7.59326580445237,-7.71030522564258,-7.71108951834141,-7.71030522564258,-7.60608028870269,-7.71056665654219,0.104486367839507,0.000113113506775807,0.000145366755695816,0.104486367839507,0.104486367839507
"42","C_3",-10.690127343705,-10.6987154499295,-10.7170943913052,-10.0020713500197,-10.0017263314743,-10.0020713500197,-10.7019790616466,-10.0019563438379,-0.700022717808686,9.99613179143423e-08,3.51512326731753e-07,-0.700022717808686,0
"43","D_3",-7.96793120886909,-7.95951138356731,-7.95449819710156,-8.26179302181265,-8.25814285854354,-8.26179302181265,-7.96064692984599,-8.26057630072295,0.299929370876959,2.09997377611486e-07,6.33954347506372e-07,0.299929370876959,0.299929370876959
"44","E_3",-7.42820655818187,-7.41584286357156,-7.41434770962148,-7.56952145027994,-7.57020070940684,-7.56952145027994,-7.4194657104583,-7.56974786998891,0.150282159530606,4.37398058498195e-06,7.52512788814099e-06,0.150282159530606,0.150282159530606
"45","F_3",-8.7678825012194,-8.78645834457119,-8.7678825012194,-8.94782830523571,-8.94482394023978,-8.94782830523571,-8.77407444900333,-8.94682685023706,0.172752401233735,1.0336782275566e-05,1.59027419624092e-05,0.172752401233735,0.172752401233735
"46","G_3",-7.86632767057375,-7.87734748573756,-7.86884546360527,-8.01456229420289,-8.01421727565745,-8.01456229420289,-7.87084020663886,-8.01444728802108,0.143607081382217,1.74058686071524e-06,3.47814734716507e-06,0.143607081382217,0.143607081382217
"47","H_3",-9.82540620234038,-9.86472540136845,-9.83030500175322,-9.58289412037993,-9.58254910183449,-9.58289412037993,-9.84014553515401,-9.58277911419811,-0.257366420955899,3.1548670508693e-05,4.31434810375289e-05,-0.257366420955899,0
"48","I_3",-8.23556148023947,-8.23846943948912,-8.24207478719815,-8.46392330841849,-8.46548283805841,-8.46392330841849,-8.23870190230891,-8.46444315163179,0.225741249322882,3.36815715137898e-08,1.53972898348753e-07,0.225741249322882,0.225741249322882
"49","K_3",-8.41895254928223,-8.40392348497967,-8.40244346211679,-7.82418409719242,-7.82628432506437,-7.82418409719242,-8.40843983212623,-7.82488417314974,-0.583555658976489,4.14203978022292e-08,1.7911523373937e-07,-0.583555658976489,0
"50","L_3",-7.32780466122403,-7.31710532760431,-7.33040489330231,-7.42820655818187,-7.42879021365684,-7.42820655818187,-7.32510496071022,-7.42840111000686,0.103296149296639,1.4372435871743e-05,2.12924975877675e-05,0.103296149296639,0.103296149296639
"51","M_3",-9.30205689202638,-9.2949227078183,-9.3226182145087,-9.4079255271332,-9.40758050858776,-9.4079255271332,-9.30653260478446,-9.40781052095139,0.10127791616693,0.000259321036449404,0.00031432852902958,0.10127791616693,0.10127791616693
"52","N_3",-8.54213731276653,-8.56202677796114,-8.56033552935006,-8.77494877677085,-8.77696689559389,-8.77494877677085,-8.55483320669258,-8.7756214830452,0.22078827635262,4.21809034221095e-06,7.29615626760813e-06,0.22078827635262,0.22078827635262
"53","P_3",-8.28010791919274,-8.26476073730805,-8.27342102406549,-8.1260955008534,-8.12575048230796,-8.1260955008534,-8.27276322685542,-8.12598049467159,-0.146782732183839,5.01083232014177e-06,8.52907628960302e-06,-0.146782732183839,0
"54","Q_3",-8.24697913766917,-8.2597944844147,-8.28010791919274,-8.29526772636374,-8.29661700635817,-8.29526772636374,-8.2622938470922,-8.29571748636189,0.0334236392696852,0.0257775544269676,0.0275880181158181,0,0
"55","R_3",-9.04129265981741,-9.05235240454422,-9.0103866182317,-8.15961262700617,-8.15926760846073,-8.15961262700617,-9.03467722753111,-8.15949762082436,-0.87517960670675,2.54045516471978e-07,7.32383470910207e-07,-0.87517960670675,0
"56","S_3",-7.87263041122674,-7.87481421899203,-7.90714935178191,-7.71822903158462,-7.71674937275978,-7.71822903158462,-7.88486466066689,-7.71773581197634,-0.167128848690553,0.00011627784895185,0.000148835646658369,-0.167128848690553,0
"57","T_3",-8.24370771894111,-8.22873242812383,-8.23881445803456,-8.26344843799071,-8.2597944844147,-8.26344843799071,-8.2370848683665,-8.26223045346538,0.0251455850988744,0.00533601401477149,0.00590838922050822,0.0251455850988744,0.0251455850988744
"58","V_3",-7.85131249558311,-7.86096020991191,-7.84386310704794,-8.06708134125232,-8.06963039597606,-8.06708134125232,-7.85204527084765,-8.06793102616023,0.215885755312581,1.74994288404243e-06,3.47814734716507e-06,0.215885755312581,0.215885755312581
"59","W_3",-10.6812491923585,-10.6720803234261,-10.6549379152427,-10.6462730541155,-10.6459280355701,-10.6462730541155,-10.6694224770091,-10.6461580479337,-0.0232644290753559,0.039287011147527,0.0417669221501949,0,0
"60","Y_3",-9.25190021705422,-9.23521646169403,-9.25190021705422,-9.27843328750048,-9.27808826895504,-9.27843328750048,-9.24633896526749,-9.27831828131867,0.0319793160511779,0.00453785202398802,0.00504205780443113,0.0319793160511779,0.0319793160511779
"61","A_4",-7.68014325513233,-7.68422708132634,-7.67352537636782,-7.75501687444898,-7.75583672882987,-7.75501687444898,-7.67929857094217,-7.75529015924261,0.0759915883004432,1.70754940982938e-05,2.48370823247909e-05,0.0759915883004432,0.0759915883004432
"62","C_4",-10.9855832272311,-10.9962093265067,-10.9855832272311,-9.92668953817756,-9.9421694867938,-9.92668953817756,-10.989125260323,-9.93184952104964,-1.05727573927334,7.36606250569138e-09,5.80614373334667e-08,-1.05727573927334,0
"63","D_4",-7.79276738583456,-7.80804520677933,-7.81080882612742,-8.15192643386104,-8.1515814153156,-8.15192643386104,-7.8038738062471,-8.15181142767923,0.347937621432127,4.05208576035694e-07,1.04569955105986e-06,0.347937621432127,0.347937621432127
"64","E_4",-7.07360118933991,-7.06673632270688,-7.06925135175052,-7.58807064204734,-7.58668883219541,-7.58807064204734,-7.0698629545991,-7.58761003876336,0.51774708416426,1.49590709415883e-09,1.77292692641047e-08,0.51774708416426,0.51774708416426
"65","F_4",-8.95316174953875,-8.96085405005872,-8.95851498403296,-8.91884167635487,-8.92110787126597,-8.91884167635487,-8.95751026121014,-8.91959707465857,-0.0379131865515703,9.36311864219774e-05,0.000121303561356408,-0.0379131865515703,0
"66","G_4",-7.87515923753748,-7.87354925175546,-7.87263041122674,-8.00760953356112,-8.01004159968626,-8.00760953356112,-7.87377963350656,-8.0084202222695,0.134640588762946,2.64285974797703e-08,1.34240495135341e-07,0.134640588762946,0.134640588762946
"67","H_4",-9.99105835729728,-10.0128240403576,-9.98012879713902,-9.59534911895286,-9.60336757334204,-9.59534911895286,-9.99467039826463,-9.59802193708258,-0.396648461182043,2.38910005765401e-06,4.4448373165656e-06,-0.396648461182043,0
"68","I_4",-8.32953762844849,-8.32399994068272,-8.34873893481177,-8.43939029667455,-8.4390452781291,-8.43939029667455,-8.33409216798099,-8.43927529049273,0.105183122511738,0.000149721338175569,0.000187885600847773,0.105183122511738,0.105183122511738
"69","K_4",-8.5664529733184,-8.56202677796114,-8.56441094178018,-7.85880054893781,-7.85595519174072,-7.85880054893781,-8.56429689768657,-7.85785209653878,-0.706444801147796,1.54853614119277e-10,3.95303133074466e-09,-0.706444801147796,0
"70","L_4",-7.43939029667454,-7.42415280998247,-7.42635100160339,-7.42357213389179,-7.42322711534635,-7.42357213389179,-7.42996470275347,-7.42345712770998,-0.00650757504348665,0.243101500287695,0.250136591935892,0,0
"71","M_4",-9.41895254928223,-9.44091769246187,-9.41526750247437,-9.40062072650997,-9.40392348497967,-9.40062072650997,-9.42504591473949,-9.40172164599987,-0.0233242687396196,0.0447477316559832,0.0472583304617644,0,0
"72","N_4",-8.57670671257896,-8.54380301934223,-8.55830213219753,-8.8011586560937,-8.79841114733295,-8.8011586560937,-8.55960395470624,-8.80024281984012,0.240638865133876,1.48188217988923e-05,2.18526404407629e-05,0.240638865133876,0.240638865133876
"73","P_4",-8.27342102406549,-8.27474482588067,-8.28010791919274,-8.13213189058407,-8.13178687203863,-8.13213189058407,-8.27609125637963,-8.13201688440225,-0.144074371977377,2.44454946748217e-07,7.1114166326754e-07,-0.144074371977377,0
"74","Q_4",-8.31401535633444,-8.32227319596326,-8.32780466122403,-8.43006450440245,-8.42786153963643,-8.43006450440245,-8.32136440450724,-8.42933018281378,0.107965778306536,1.20406005573626e-05,1.81744914073398e-05,0.107965778306536,0.107965778306536
"75","R_4",-9.06131055339437,-9.05808877409337,-9.05843379263881,-8.15961262700617,-8.16080977326914,-8.15961262700617,-9.05927770670885,-8.1600116757605,-0.899266030948352,1.32618052372878e-11,5.80879302988538e-10,-0.899266030948352,0
"76","S_4",-7.83768453211881,-7.83733951357337,-7.83645198608836,-7.6768305210915,-7.67648550254605,-7.6768305210915,-7.83715867726018,-7.67671551490968,-0.1604431623505,1.98321279718402e-10,3.96642559436803e-09,-0.1604431623505,0
"77","T_4",-8.24207478719815,-8.24827261451948,-8.24534250103206,-8.25190021705422,-8.24991297290073,-8.25190021705422,-8.24522996758323,-8.25123780233639,0.00600783475316291,0.0345923200376469,0.0368984747068233,0,0
"78","V_4",-7.877692504283,-7.89520600782321,-7.88787028928703,-8.00345390406981,-8.00172633147425,-8.00345390406981,-7.88692293379775,-8.00287804653796,0.115955112740214,2.23464875057214e-05,3.15016563957306e-05,0.115955112740214,0.115955112740214
"79","W_4",-10.690127343705,-10.7167493727598,-10.699060468475,-10.9110362738661,-10.9106912553206,-10.9110362738661,-10.7019790616466,-10.9109212676843,0.208942206037692,1.16830252081135e-05,1.78441178187928e-05,0.208942206037692,0.208942206037692
"80","Y_4",-9.31573182892346,-9.2949227078183,-9.28851036018843,-9.28178449700012,-9.28143947845468,-9.28178449700012,-9.29972163231006,-9.28166949081831,-0.0180521414917578,0.0929746020595099,0.0972283420230169,0,0
"81","A_5",-7.62270958234485,-7.63624187060015,-7.62377234117073,-7.72733842280203,-7.72471065846246,-7.72733842280203,-7.62757459803857,-7.72646250135551,0.0988879033169319,2.38861571357676e-05,3.32329142758505e-05,0.0988879033169319,0.0988879033169319
"82","C_5",-11.0187500911663,-10.9635431375864,-10.9531617495387,-10.0187500911663,-10.0072645150157,-10.0187500911663,-10.9784849927638,-10.0149215657828,-0.963563426981034,1.27680207112709e-06,2.65309521273162e-06,-0.963563426981034,0
"83","D_5",-7.89940678378415,-7.89777536743534,-7.90585603476039,-8.1766677911859,-8.17944549039836,-8.1766677911859,-7.90101272865996,-8.17759369092339,0.276580962263428,4.94031485195598e-08,2.00114019319736e-07,0.276580962263428,0.276580962263428
"84","E_5",-7.18135440616024,-7.17242885653597,-7.18605629530054,-7.61212483170368,-7.61389055975405,-7.61212483170368,-7.17994651933225,-7.61271340772047,0.432766888388217,4.5519006134356e-08,1.89169895623298e-07,0.432766888388217,0.432766888388217
"85","F_5",-8.7585143186852,-8.74886155791354,-8.74688899356558,-8.92931500758438,-8.92896998903894,-8.92931500758438,-8.75142162338811,-8.92920000140257,0.177778378014461,9.99030869995273e-07,2.13126585598991e-06,0.177778378014461,0.177778378014461
"86","G_5",-7.88277242164735,-7.88752527074159,-7.88659413259976,-7.90456387610626,-7.90421885756082,-7.90456387610626,-7.88563060832957,-7.90444886992445,0.0188182615948849,0.000208204337085851,0.000255269685315986,0.0188182615948849,0.0188182615948849
"87","H_5",-9.6812491923585,-9.69424197335021,-9.66803357285434,-9.51427750830554,-9.50607037198712,-9.51427750830554,-9.68117491285435,-9.5115417961994,-0.169633116654952,2.99071631349287e-05,4.10844214925288e-05,-0.169633116654952,0
"88","I_5",-8.27342102406549,-8.26144800326721,-8.25354431414485,-8.3699814541596,-8.36785423027215,-8.3699814541596,-8.26280444715918,-8.36927237953045,0.106467932371269,5.25679323231115e-05,7.00905764308153e-05,0.106467932371269,0.106467932371269
"89","K_5",-8.53812425025991,-8.54581655077988,-8.54213731276653,-7.98831819495236,-7.98934260701842,-7.98831819495236,-8.54202603793544,-7.98865966564105,-0.553366372294388,1.63210409414721e-09,1.86526182188252e-08,-0.553366372294388,0
"90","L_5",-7.4375203093215,-7.4465495605412,-7.44407589689881,-7.45349299979273,-7.45598514055082,-7.45349299979273,-7.44271525558717,-7.45432371337876,0.0116084577915858,0.0146374032249394,0.0159318674557163,0,0
"91","M_5",-9.46392330841849,-9.44091769246187,-9.46012173825863,-9.51427750830554,-9.50999607520092,-9.51427750830554,-9.454987579713,-9.51285036393733,0.0578627842243336,0.00134405351755187,0.00151977782903391,0.0578627842243336,0.0578627842243336
"92","N_5",-8.43006450440245,-8.42600598305795,-8.4375203093215,-8.72848115160703,-8.72813613306159,-8.72848115160703,-8.43119693226063,-8.72836614542522,0.297169213164583,9.95887501324561e-08,3.51512326731753e-07,0.297169213164583,0.297169213164583
"93","P_5",-8.22262242453198,-8.2158511368271,-8.20025461150352,-8.13819364337127,-8.13784862482583,-8.13819364337127,-8.2129093909542,-8.13807863718946,-0.0748307537647435,0.000349796801734362,0.000414573987240725,-0.0748307537647435,0
"94","Q_5",-8.23231582073582,-8.23684203374307,-8.25025799144617,-8.38973241036723,-8.38938739182179,-8.38973241036723,-8.23980528197502,-8.38961740418542,0.149812122210399,9.95583099072569e-06,1.53906566040204e-05,0.149812122210399,0.149812122210399
"95","R_5",-9.09333940758701,-9.07543601765726,-9.0757810362027,-8.11858535874612,-8.11674299181418,-8.11858535874612,-9.08151882048232,-8.11797123643547,-0.963547584046852,8.68073089259618e-09,6.46007880379251e-08,-0.963547584046852,0
"96","S_5",-7.93062953618639,-7.92372381947298,-7.92931500758438,-7.72619659841248,-7.72585157986703,-7.72619659841248,-7.92788945441458,-7.72608159223066,-0.201807862183919,7.30478050371322e-08,2.81630091709425e-07,-0.201807862183919,0
"97","T_5",-8.25683813986989,-8.27307600552005,-8.27175413186285,-8.25519028698841,-8.25649312132445,-8.25519028698841,-8.26722275908426,-8.25562456510042,-0.0115981939838452,0.0906114788152335,0.0950677810520482,0,0
"98","V_5",-7.9719856238304,-7.97434989254295,-7.9719856238304,-7.98558322723113,-7.98934260701842,-7.98558322723113,-7.97277371340125,-7.98683635382689,0.0140626404256388,0.000685346655635679,0.000791736208676596,0.0140626404256388,0.0140626404256388
"99","W_5",-10.9214528898114,-10.8798852085395,-10.8802302270849,-10.6636551323438,-10.6720803234261,-10.6636551323438,-10.8938561084786,-10.6664635293712,-0.227392579107395,8.60273886855477e-05,0.000111905546257623,-0.227392579107395,0
"100","Y_5",-9.18135440616024,-9.21264870478876,-9.19392699153151,-9.30546349346963,-9.30511847492419,-9.30546349346963,-9.19597670082684,-9.30534848728782,0.109371786460979,0.000273857569065523,0.00033069593245648,0.109371786460979,0.109371786460979
"101","A_6",-7.57054572795228,-7.57842121621181,-7.5664529733184,-7.71596064268822,-7.71561562414278,-7.71596064268822,-7.57180663916083,-7.71584563650641,0.144038997345578,2.11666294755625e-06,4.08031411577108e-06,0.144038997345578,0.144038997345578
"102","C_6",-10.9746949110884,-10.9528167309933,-10.9638881561318,-10.0299773465896,-10.0296323280441,-10.0299773465896,-10.9637999327378,-10.0298623404078,-0.93393759233007,1.25533600734976e-08,8.54696856067924e-08,-0.93393759233007,0
"103","D_6",-8.07432743906121,-8.07543601765726,-8.06563647879716,-8.25354431414485,-8.24991297290073,-8.25354431414485,-8.07179997850521,-8.25233386706348,0.180533888558266,6.89952694931637e-07,1.58838030487859e-06,0.180533888558266,0.180533888558266
"104","E_6",-7.58186104118012,-7.5722514489716,-7.58186104118012,-7.57979709942483,-7.5804836826687,-7.57979709942483,-7.57865784377728,-7.58002596050612,0.0013681167288393,0.692014813821352,0.696367108247901,0,0
"105","F_6",-8.63765992381082,-8.62662030446914,-8.64627305411553,-8.92668953817756,-8.92372381947298,-8.92668953817756,-8.63685109413183,-8.92570096527603,0.288849871144201,9.54754643211104e-07,2.05047977065472e-06,0.288849871144201,0.288849871144201
"106","G_6",-7.95182653885493,-7.94748328669027,-7.94384112156227,-7.92145288981141,-7.91980167376534,-7.92145288981141,-7.94771698236916,-7.92090248446272,-0.0268144979064342,0.000349484928781177,0.000414573987240725,-0.0268144979064342,0
"107","H_6",-9.70804925170222,-9.70320284092183,-9.70354785946728,-9.44126271100732,-9.44091769246187,-9.44126271100732,-9.70493331736378,-9.4411477048255,-0.263785612538275,7.43912165835042e-09,5.80614373334667e-08,-0.263785612538275,0
"108","I_6",-8.04555888778844,-8.04806504614112,-8.04698377189527,-8.44501484586842,-8.44843174611918,-8.44501484586842,-8.04686923527494,-8.44615381261868,0.399284577343732,7.85241197182799e-10,1.09250949173259e-08,0.399284577343732,0.399284577343732
"109","K_6",-8.54414803788768,-8.53777923171446,-8.54213731276653,-7.82052398096063,-7.81896098425852,-7.82052398096063,-8.54135486078956,-7.82000298205993,-0.72135187872963,3.20751162850561e-10,5.70224289512108e-09,-0.72135187872963,0
"110","L_6",-7.11858535874612,-7.13936805102303,-7.13591750031556,-7.47923056120634,-7.47600303412777,-7.47923056120634,-7.13129030336157,-7.47815471884681,0.346864415485246,7.4703369450856e-07,1.70750558744814e-06,0.346864415485246,0.346864415485246
"111","M_6",-9.31230092352318,-9.28479849054459,-9.28178449700012,-9.43378759044517,-9.43344257189973,-9.43378759044517,-9.2929613036893,-9.43367258426336,0.140711280574058,0.000131816976165034,0.000166068631389019,0.140711280574058,0.140711280574058
"112","N_6",-8.60581105777148,-8.61389055975405,-8.60791258041677,-8.79635766982988,-8.79841114733295,-8.79635766982988,-8.60920473264743,-8.7970421623309,0.187837429683471,1.9263520824966e-07,5.98478316892149e-07,0.187837429683471,0.187837429683471
"113","P_6",-8.55830213219753,-8.55592657842472,-8.55627159697016,-8.03138691684425,-8.03104189829881,-8.03138691684425,-8.55683343586414,-8.03127191066244,-0.525561525201704,2.48749675235466e-11,8.844432897261e-10,-0.525561525201704,0
"114","Q_6",-8.27676059741062,-8.27140911331741,-8.28346302545112,-8.40244346211679,-8.40392348497967,-8.40244346211679,-8.27721091205972,-8.40293680307108,0.125725891011365,3.67432795332015e-06,6.42505434460354e-06,0.125725891011365,0.125725891011365
"115","R_6",-9.17822830517352,-9.16544618338986,-9.13213189058407,-8.13364494267964,-8.13936805102303,-8.13364494267964,-9.15860212638248,-8.13555264546077,-1.02304948092171,2.02556447304894e-07,6.2325060709198e-07,-1.02304948092171,0
"116","S_6",-7.97876840567481,-7.99345871549065,-8.00345390406981,-7.81444434684392,-7.82017896241519,-7.81444434684392,-7.99189367507843,-7.81635588536768,-0.175537789710749,1.89229454645655e-05,2.7276317786761e-05,-0.175537789710749,0
"117","T_6",-8.14123409769132,-8.12424532302601,-8.14275673112119,-8.24534250103206,-8.24663411912372,-8.24534250103206,-8.13607871727951,-8.24577304039595,0.109694323116441,5.08870894062794e-05,6.81333414644745e-05,0.109694323116441,0.109694323116441
"118","V_6",-7.70242470250834,-7.70320284092183,-7.69794079822793,-7.99655434505213,-7.99208537408196,-7.99655434505213,-7.70118944721937,-7.99506468806207,0.293875240842705,1.93703684150919e-08,1.12700325324171e-07,0.293875240842705,0.293875240842705
"119","W_6",-10.8500682565746,-10.8398077691641,-10.8600523451473,-10.8205239809606,-10.810463807582,-10.8205239809606,-10.8499761236287,-10.8171705898344,-0.0328055337942654,0.00822729335153553,0.00907839266376334,-0.0328055337942654,0
"120","Y_6",-9.10813640951509,-9.10779139096965,-9.09333940758701,-9.35402031364783,-9.35720698607264,-9.35402031364783,-9.10308906935725,-9.35508253778943,0.251993468432186,9.20312989928661e-07,1.98986592417008e-06,0.251993468432186,0.251993468432186
"121","A_7",-7.59014646260819,-7.58980144406275,-7.58910817897871,-7.73650569775145,-7.7373106952421,-7.73650569775145,-7.58968536188321,-7.73677403024833,0.147088668365116,3.49840487208837e-10,5.89205031088567e-09,0.147088668365116,0.147088668365116
"122","C_7",-10.7170943913052,-10.6897823251595,-10.6812491923585,-9.80597567239147,-9.80081363754826,-9.80597567239147,-10.6960419696077,-9.8042549941104,-0.891786975497345,1.36081677184628e-07,4.49118855582738e-07,-0.891786975497345,0
"123","D_7",-8.33127267981923,-8.34839391626633,-8.33474905509383,-8.1766677911859,-8.17632277264046,-8.1766677911859,-8.33813855039313,-8.17655278500409,-0.16158576538904,6.5203290709855e-06,1.07000271934121e-05,-0.16158576538904,0
"124","E_7",-7.39154143259911,-7.39300770750049,-7.40518189072934,-7.53912646984928,-7.53878145130384,-7.53912646984928,-7.39657701027631,-7.53901146366747,0.142434453391155,5.06835248285711e-06,8.58133753711257e-06,0.142434453391155,0.142434453391155
"125","F_7",-8.83030500175322,-8.8522127900549,-8.82540620234038,-8.93458032379702,-8.93687518712428,-8.93458032379702,-8.83597466471616,-8.93534527823944,0.0993706135232788,0.000275886145842369,0.000331893107780293,0.0993706135232788,0.0993706135232788
"126","G_7",-7.7046718914999,-7.70657756770249,-7.70579679997084,-7.87642531488147,-7.87734748573756,-7.87642531488147,-7.70568208639108,-7.87673270516683,0.171050618775755,1.12364041973447e-09,1.43825973726012e-08,0.171050618775755,0.171050618775755
"127","H_7",-9.90069432964461,-9.89008097564534,-9.87515923753748,-9.59534911895286,-9.59917977637861,-9.59534911895286,-9.88864484760914,-9.59662600476144,-0.292018842847707,2.62074546466563e-06,4.76499175393751e-06,-0.292018842847707,0
"128","I_7",-8.20661010654334,-8.19990959295808,-8.22907744666927,-8.48308288670194,-8.4827378681565,-8.48308288670194,-8.21186571539023,-8.48296788052013,0.271102165129898,6.67871516976164e-06,1.08486743874301e-05,0.271102165129898,0.271102165129898
"129","K_7",-8.32089353403924,-8.31024350710205,-8.31401535633444,-7.95449819710156,-7.95816996548751,-7.95449819710156,-8.31505079915858,-7.95572211989688,-0.359328679261695,4.52646173581089e-08,1.89169895623298e-07,-0.359328679261695,0
"130","L_7",-7.23393773775981,-7.22388845589252,-7.23150554548796,-7.40335569423121,-7.40392348497967,-7.40335569423121,-7.2297772463801,-7.40354495781403,0.173767711433934,5.55652947760071e-07,1.32718155208431e-06,0.173767711433934,0.173767711433934
"131","M_7",-9.19708733242484,-9.2158511368271,-9.19708733242484,-9.39335272604593,-9.39663713090118,-9.39335272604593,-9.20334193389226,-9.39444752766435,0.19110559377209,7.25904685173851e-06,1.17317928916986e-05,0.19110559377209,0.19110559377209
"132","N_7",-8.72391565716124,-8.70320284092183,-8.70354785946728,-8.77258950389693,-8.77696689559389,-8.77258950389693,-8.71022211918345,-8.77404863446258,0.063826515279132,0.000803130790625848,0.000919287969058551,0.063826515279132,0.063826515279132
"133","P_7",-8.3105885256475,-8.31538681037802,-8.30035660303654,-8.13364494267964,-8.1332999241342,-8.13364494267964,-8.30877731302068,-8.13352993649782,-0.17524737652286,2.44801714061632e-06,4.50210048848978e-06,-0.17524737652286,0
"134","Q_7",-8.22423347443796,-8.22873242812383,-8.22746098146836,-8.47730824907531,-8.48081041958539,-8.47730824907531,-8.22680896134338,-8.47847563924533,0.25166667790195,1.48909517018682e-08,9.53020908919564e-08,0.25166667790195,0.25166667790195
"135","R_7",-9.08746284125034,-9.08418849166623,-9.0816101150049,-8.31230092352318,-8.30682479687459,-8.31230092352318,-9.08442048264049,-8.31047554797365,-0.773944934666837,6.42779843381421e-10,9.34952499463886e-09,-0.773944934666837,0
"136","S_7",-7.85131249558311,-7.83733951357337,-7.84634196511636,-7.66693771633306,-7.66112586653645,-7.66693771633306,-7.84499799142428,-7.66500043306752,-0.179997558356755,2.38618699788905e-06,4.4448373165656e-06,-0.179997558356755,0
"137","T_7",-8.26344843799071,-8.27976290064729,-8.28010791919274,-8.26179302181265,-8.2597944844147,-8.26179302181265,-8.27443975261025,-8.26112684268,-0.0133129099302458,0.0739985371028266,0.0778931969503438,0,0
"138","V_7",-7.89683513418898,-7.90163800706774,-7.89170554641736,-8.01875009116632,-8.01840507262088,-8.01875009116632,-7.89672622922469,-8.01863508498451,0.121908855759818,1.83645839238049e-06,3.58333344854729e-06,0.121908855759818,0.121908855759818
"139","W_7",-10.8205239809606,-10.8201789624152,-10.8205239809606,-10.690127343705,-10.6897823251595,-10.690127343705,-10.8204089747788,-10.6900123375231,-0.130396637255675,1.45219825747135e-11,5.80879302988538e-10,-0.130396637255675,0
"140","Y_7",-9.17822830517352,-9.18728198463033,-9.17822830517352,-9.27843328750048,-9.28143947845468,-9.27843328750048,-9.18124619832579,-9.27943535115188,0.0981891528260892,6.5542724609677e-06,1.07008529974983e-05,0.0981891528260892,0.0981891528260892
"141","A_8",-12.1230867509811,-12.1227417324356,-12.1473342972277,-7.79875616587839,-7.80081363754826,-7.79875616587839,-12.1310542602148,-7.79944198976835,-4.33161227044646,7.59132070964012e-11,2.42922262708484e-09,-4.33161227044646,0
"142","C_8",-15.4450148458684,-15.2222774059865,-15.0299773465896,-10.1291105386088,-10.1287655200634,-10.1291105386088,-15.2324231994815,-10.128995532427,-5.10342766705449,1.82242600202698e-06,3.57776883833518e-06,-5.10342766705449,0
"143","D_8",-11.0526974230897,-11.0184050726209,-10.9746949110884,-8.1797905089438,-8.1810093876148,-8.1797905089438,-11.0152658022663,-8.18019680183414,-2.83506900043217,2.41144177812424e-08,1.33045063620648e-07,-2.83506900043217,0
"144","E_8",-10.7445751277273,-10.7442301091819,-10.735356597698,-7.63765992381082,-7.63624187060015,-7.63765992381082,-10.7413872782024,-7.63718723940726,-3.10420003879513,5.61960446038904e-12,2.99712237887416e-10,-3.10420003879513,0
"145","F_8",-12.0076095335611,-12.0296323280441,-12.0076095335611,-8.90069432964461,-8.90034931109917,-8.90069432964461,-12.0149504650555,-8.9005793234628,-3.11437114159266,1.85298343628656e-10,3.95303133074466e-09,-3.11437114159266,0
"146","G_8",-13.7080492517022,-13.329192609903,-13.782049833146,-7.94782830523571,-7.9461530007123,-7.94782830523571,-13.6064305649171,-7.94726987039457,-5.65916069452252,2.2545415889229e-06,4.26032604530291e-06,-5.65916069452252,0
"147","H_8",-12.222622424532,-12.1469892786823,-12.171996351462,-9.42635100160339,-9.42230201429453,-9.42635100160339,-12.1805360182254,-9.4250013391671,-2.75553467905833,2.56693856124984e-08,1.34240495135341e-07,-2.75553467905833,0
"148","I_8",-14.8600523451473,-14.8597073266018,-14.8600523451473,-8.47923056120634,-8.4750434763665,-8.47923056120634,-14.8599373389655,-8.47783486625972,-6.38210247270573,1.39102750009023e-14,2.22564400014436e-12,-6.38210247270573,0
"149","K_8",-4.87975406391179,-4.88020273798739,-4.87547565272481,-7.84758299318505,-7.84475698513585,-7.84758299318505,-4.87847748487467,-7.84664099050199,2.96816350562732,7.70404620880451e-13,8.21764928939148e-11,2.96816350562732,2.96816350562732
"150","L_8",-12.0992400090267,-12.0523524045442,-12.171996351462,-7.44595440633204,-7.4465495605412,-7.44595440633204,-12.1078629216776,-7.44615279106843,-4.66171013060921,1.86409563913021e-08,1.10464926763272e-07,-4.66171013060921,0
"151","M_8",-12.9425145053392,-13.0754360176573,-13.1230867509811,-9.42635100160339,-9.42230201429453,-9.42635100160339,-13.0470124246592,-9.4250013391671,-3.62201108549209,2.97008127310165e-07,8.19332764993558e-07,-3.62201108549209,0
"152","N_8",-12.6724253419715,-12.603367573342,-12.7445751277273,-8.77494877677085,-8.76988906435336,-8.77494877677085,-12.673456014347,-8.77326220596502,-3.90019380838194,7.18097085178465e-08,2.80233008850133e-07,-3.90019380838194,0
"153","P_8",-15.0299773465896,-15.0296323280441,-15.0299773465896,-8.07432743906121,-8.07689108085765,-8.07432743906121,-15.0298623404078,-8.07518198632669,-6.95468035408108,1.41767967167237e-15,4.5365749493516e-13,-6.95468035408108,0
"154","Q_8",-12.5064153905326,-12.5060703719871,-12.6724253419715,-8.3417270374564,-8.34138201891096,-8.3417270374564,-12.5616370348304,-8.34161203127459,-4.22002500355581,1.77932268330854e-07,5.75134604705791e-07,-4.22002500355581,0
"155","R_8",-5.29125172409616,-5.29449944390419,-5.29717395219609,-8.09628669163735,-8.10037391940716,-8.09628669163735,-5.29430837339881,-8.09764910089395,2.80334072749514,2.22719123149031e-12,1.4254023881538e-10,2.80334072749514,2.80334072749514
"156","S_8",-13.5064153905326,-13.329192609903,-13.3861211568149,-7.72163831645017,-7.7235706386158,-7.72163831645017,-13.4072430524168,-7.72228242383871,-5.68496062857811,4.27652904707082e-08,1.82465239341688e-07,-5.68496062857811,0
"157","T_8",-14.222622424532,-14.0296323280441,-14.0299773465896,-8.31917091289023,-8.31882589434479,-8.31917091289023,-14.0940773663886,-8.31905590670841,-5.77502145968015,9.19781619371054e-08,3.39754529243797e-07,-5.77502145968015,0
"158","V_8",-14.0299773465896,-14.1227417324356,-13.9425145053392,-7.99655434505213,-8.00310888552437,-7.99655434505213,-14.0317445281215,-7.99873919187621,-6.03300533624527,3.33042974056877e-08,1.53972898348753e-07,-6.03300533624527,0
"159","W_8",-15.222622424532,-15.0296323280441,-15.222622424532,-10.699060468475,-10.6987154499295,-10.699060468475,-15.1582923923694,-10.6989454622931,-4.45934693007621,2.59490680739562e-07,7.34840865811149e-07,-4.45934693007621,0
"160","Y_8",-12.3020568920264,-12.3017118734809,-12.3020568920264,-9.28514350909003,-9.27808826895504,-9.28514350909003,-12.3019418858446,-9.28279176237837,-3.0191501234662,2.21946113837377e-12,1.4254023881538e-10,-3.0191501234662,0
"161","A_9",-7.55019708256048,-7.55592657842472,-7.56339100887033,-7.75385294131534,-7.75583672882987,-7.75385294131534,-7.55650488995185,-7.75451420382019,0.198009313868339,8.79173351827142e-07,1.91384675227677e-06,0.198009313868339,0.198009313868339
"162","C_9",-11.1844872956452,-11.0988949904813,-11.1473342972277,-10.0187500911663,-10.0184050726209,-10.0187500911663,-11.1435721944514,-10.0186350849845,-1.12493710946689,1.40815164570989e-06,2.90715178469139e-06,-1.12493710946689,0
"163","D_9",-8.11409796775381,-8.0959416730919,-8.09924000902669,-8.1565332340742,-8.15772709038495,-8.1565332340742,-8.10309321662413,-8.15693118617779,0.0538379695536513,0.000653656448787746,0.000757862549319126,0.0538379695536513,0.0538379695536513
"164","E_9",-7.64843439540499,-7.64700830146922,-7.64088382468511,-7.61423557829949,-7.61283480043808,-7.61423557829949,-7.64544217385311,-7.61376865234569,-0.0316735215074218,0.000179071190268561,0.000222103801883486,-0.0316735215074218,0
"165","F_9",-8.70579679997084,-8.70320284092183,-8.70354785946728,-8.91623518054039,-8.91849665780943,-8.91623518054039,-8.70418250011998,-8.91698900629674,0.212806506176754,4.422888722109e-09,3.98362409209695e-08,0.212806506176754,0.212806506176754
"166","G_9",-7.8853191037577,-7.88115574586586,-7.86381426394347,-7.92145288981141,-7.92110787126597,-7.92145288981141,-7.87676303785567,-7.9213378836296,0.0445748457739219,0.00248642481745646,0.00279177523363533,0.0445748457739219,0.0445748457739219
"167","H_9",-9.51427750830554,-9.53377730115697,-9.52615160859383,-9.46012173825863,-9.46357828987305,-9.46012173825863,-9.52473547268544,-9.4612739221301,-0.0634615505553402,0.000393447719137462,0.000462879669573485,-0.0634615505553402,0
"168","I_9",-7.877692504283,-7.88115574586586,-7.8802302270849,-8.39698214944662,-8.39663713090118,-8.39698214944662,-7.87969282574459,-8.39686714326481,0.517174317520223,9.87177249091335e-11,2.87178836099298e-09,0.517174317520223,0.517174317520223
"169","K_9",-8.11858535874612,-8.11375294920837,-8.13364494267964,-7.87896080769733,-7.87861578915189,-7.87896080769733,-8.12199441687804,-7.87884580151552,-0.243148615362523,2.20255187044829e-06,4.19533689609198e-06,-0.243148615362523,0
"170","L_9",-7.30120649704692,-7.30853313933695,-7.30973308830201,-7.40701040179907,-7.4048368721839,-7.40701040179907,-7.30649090822863,-7.40628589192735,0.0997949836987191,3.50036874742206e-06,6.22287777319477e-06,0.0997949836987191,0.0997949836987191
"171","M_9",-9.021548724519,-9.01004159968626,-9.00207135001969,-9.42264703283997,-9.42230201429453,-9.42264703283997,-9.01122055807498,-9.42253202665816,0.411311468583172,2.1405950131729e-07,6.40177947864792e-07,0.411311468583172,0.411311468583172
"172","N_9",-8.4207986084476,-8.42786153963643,-8.43378759044517,-8.78680336311663,-8.79361813614405,-8.78680336311663,-8.42748257950973,-8.78907495412577,0.361592374616038,1.30004236129292e-07,4.3817695396142e-07,0.361592374616038,0.361592374616038
"173","P_9",-11.1473342972277,-11.1592676084607,-11.1351595832816,-8.1565332340742,-8.15465098039036,-8.1565332340742,-11.1472538296567,-8.15590581617959,-2.99134801347711,1.78653568629954e-10,3.95303133074466e-09,-2.99134801347711,0
"174","Q_9",-8.48501291380034,-8.48081041958539,-8.48694552633434,-8.41895254928223,-8.41860753073679,-8.41895254928223,-8.48425628657336,-8.41883754310041,-0.065418743472943,3.53423102027762e-06,6.24836423474497e-06,-0.065418743472943,0
"175","R_9",-8.83276065347953,-8.82506118379493,-8.82785352275912,-8.18919942299453,-8.1857112767551,-8.18919942299453,-8.82855845334453,-8.18803670758138,-0.640521745763143,1.46736669070794e-09,1.77292692641047e-08,-0.640521745763143,0
"176","S_9",-7.90327287374639,-7.90421885756082,-7.90069432964461,-7.69682199627896,-7.69647697773352,-7.69682199627896,-7.90272868698394,-7.69670699009715,-0.206021696886793,4.1952602534358e-09,3.94848023852781e-08,-0.206021696886793,0
"177","T_9",-8.06708134125232,-8.06673632270688,-8.08015063583047,-8.22746098146836,-8.23359271921437,-8.22746098146836,-8.07132276659656,-8.22950489405036,0.158182127453804,5.33575370459217e-06,8.9865325551026e-06,0.158182127453804,0.158182127453804
"178","V_9",-7.65602469121939,-7.67098112715125,-7.6538519573134,-8.06275108775359,-8.05952643743196,-8.06275108775359,-7.66028592522801,-8.06167620431304,0.401390279085029,2.09792719156721e-07,6.33954347506372e-07,0.401390279085029,0.401390279085029
"179","W_9",-10.7445751277273,-10.7722444853515,-10.782049833146,-10.8802302270849,-10.8798852085395,-10.8802302270849,-10.7662898154083,-10.8801152209031,0.113825405494815,0.000531704781288196,0.000620969087635849,0.113825405494815,0.113825405494815
"180","Y_9",-9.06131055339437,-9.05808877409337,-9.04698377189527,-9.31230092352318,-9.31195590497774,-9.31230092352318,-9.05546103312767,-9.31218591734137,0.256724884213702,4.89561923076756e-07,1.20507550295817e-06,0.256724884213702,0.256724884213702
"181","A_10",-7.55323114265011,-7.57122571480761,-7.57157073335305,-7.72163831645017,-7.71901954638461,-7.72163831645017,-7.56534253027025,-7.72076539309498,0.15542286282473,1.42681047518731e-05,2.12362489330205e-05,0.15542286282473,0.15542286282473
"182","C_10",-10.9855832272311,-11.0754360176573,-11.0076095335611,-9.90069432964461,-9.90034931109917,-9.90069432964461,-11.0228762594832,-9.9005793234628,-1.12229693602037,2.01356433980047e-06,3.90509447718879e-06,-1.12229693602037,0
"183","D_10",-8.30716981542003,-8.30853313933695,-8.30887815788239,-8.22423347443796,-8.22066815312488,-8.22423347443796,-8.30819370421313,-8.22304503400027,-0.0851486702128597,3.23337917143065e-07,8.6948011332589e-07,-0.0851486702128597,0
"184","E_10",-7.84386310704794,-7.8522127900549,-7.84758299318505,-7.61107061533168,-7.61494709223692,-7.61107061533168,-7.84788629676263,-7.61236277430009,-0.235523522462535,1.09654814799477e-07,3.77306889632609e-07,-0.235523522462535,0
"185","F_10",-8.54616156932532,-8.52779514314184,-8.52218270639088,-8.91103627386607,-8.91069125532063,-8.91103627386607,-8.53204647295268,-8.91092126768426,0.378874794731576,7.99015765119539e-07,1.80022502897679e-06,0.378874794731576,0.378874794731576
"186","G_10",-7.76905781292667,-7.76753748267396,-7.7678825012194,-7.93854196026597,-7.94084408932723,-7.93854196026597,-7.76815926560668,-7.93930933661972,0.171150071013047,4.48157710360906e-09,3.98362409209695e-08,0.171150071013047,0.171150071013047
"187","H_10",-9.64196006124445,-9.65025396097288,-9.63765992381082,-9.50250034052918,-9.49825086752783,-9.50250034052918,-9.64329131534271,-9.50108384952873,-0.142207465813982,3.58255556855208e-06,6.29899880184982e-06,-0.142207465813982,0
"188","I_10",-7.99380373403609,-8.00172633147425,-7.99931021034264,-8.51034109374637,-8.5159047320917,-8.51034109374637,-7.99828009195099,-8.51219563986148,0.513915547910483,6.86594498814743e-09,5.78184841107152e-08,0.513915547910483,0.513915547910483
"189","K_10",-8.26676497977518,-8.25814285854354,-8.27008916336774,-7.88787028928703,-7.88880255727114,-7.88787028928703,-8.26499900056215,-7.88818104528173,-0.376817955280423,4.84936034687187e-08,1.98948116794743e-07,-0.376817955280423,0
"190","L_10",-7.08453351021167,-7.06818263364594,-7.07287530502729,-7.41342850281059,-7.41584286357156,-7.41342850281059,-7.0751971496283,-7.41423328973091,0.339036140102611,2.67216535140917e-07,7.50081502149943e-07,0.339036140102611,0.339036140102611
"191","M_10",-9.2684261141451,-9.26808109559966,-9.25848787708898,-9.47538849491194,-9.4827378681565,-9.47538849491194,-9.26499836227791,-9.47783828599346,0.212839923715549,8.04475559824001e-07,1.80022502897679e-06,0.212839923715549,0.212839923715549
"192","N_10",-8.64411494594812,-8.63946337184395,-8.65276681620103,-8.70354785946728,-8.69647697773352,-8.70354785946728,-8.6454483779977,-8.70119089888936,0.0557425208916591,0.000256022171987861,0.000311509867057473,0.0557425208916591,0.0557425208916591
"193","P_10",-8.48694552633434,-8.47696323052987,-8.47155663332092,-8.16424407573782,-8.17009754166148,-8.16424407573782,-8.47848846339504,-8.16619523104571,-0.312293232349333,3.66490849305524e-07,9.61287473588261e-07,-0.312293232349333,0
"194","Q_10",-8.33823382741831,-8.33614537054481,-8.33300982035529,-8.31917091289023,-8.31538681037802,-8.31917091289023,-8.33579633943947,-8.31790954538616,-0.0178867940533145,0.000821738040703501,0.000935787092616086,-0.0178867940533145,0
"195","R_10",-8.94251450533924,-8.93423530525158,-8.94251450533924,-8.16733998903079,-8.16699497048534,-8.16733998903079,-8.93975477197669,-8.16722498284897,-0.772529789127715,9.80457800298474e-10,1.30727706706463e-08,-0.772529789127715,0
"196","S_10",-8.08307107213318,-8.09005311372944,-8.09039813227489,-7.67022778626725,-7.6676885543089,-7.67022778626725,-8.0878407727125,-7.66938137561447,-0.418459397098038,8.04763711603272e-09,6.13153304078683e-08,-0.418459397098038,0
"197","T_10",-8.21139516910872,-8.22711596292291,-8.22101317167032,-8.34522872616795,-8.34138201891096,-8.34522872616795,-8.21984143456732,-8.34394649041562,0.124105055848304,1.27735010040564e-05,1.91005622490563e-05,0.124105055848304,0.124105055848304
"198","V_10",-7.87515923753748,-7.86976099126575,-7.87263041122674,-8.02856915219677,-8.02541186172594,-8.02856915219677,-7.87251688000999,-8.02751672203983,0.154999842029842,1.30083783207296e-07,4.3817695396142e-07,0.154999842029842,0.154999842029842
"199","W_10",-10.8401527877096,-10.8697609912657,-10.8401527877096,-10.9214528898114,-10.921107871266,-10.9214528898114,-10.850022188895,-10.9213378836296,0.0713156947346398,0.00194613730073291,0.00219283076138919,0.0713156947346398,0.0713156947346398
"200","Y_10",-9.14123409769132,-9.14088907914588,-9.1503940969768,-9.22907744666927,-9.23197080219038,-9.22907744666927,-9.14417242460467,-9.23004189850964,0.0858694739049763,1.2321794076211e-05,1.85116155135564e-05,0.0858694739049763,0.0858694739049763
"201","A_11",-7.63016538726389,-7.63302754686228,-7.63337256540772,-7.73535659769795,-7.736160679206,-7.73535659769795,-7.63218849984463,-7.7356246248673,0.103436125022671,6.39574899597739e-08,2.52671565273181e-07,0.103436125022671,0.103436125022671
"202","C_11",-10.9531617495387,-10.9316002450836,-10.9319452636291,-9.90069432964461,-9.90034931109917,-9.90069432964461,-10.9389024194171,-9.9005793234628,-1.03832309595434,1.3346167262203e-08,8.89744484146869e-08,-1.03832309595434,0
"203","D_11",-7.83768453211881,-7.84475698513585,-7.83645198608836,-8.1766677911859,-8.17944549039836,-8.1766677911859,-7.83963116778101,-8.17759369092339,0.337962523142381,2.6221306224234e-08,1.34240495135341e-07,0.337962523142381,0.337962523142381
"204","E_11",-7.23800052569089,-7.25566895961058,-7.24289102203796,-7.56543159625564,-7.56202677796114,-7.56543159625564,-7.24552016911314,-7.56429665682414,0.318776487710996,4.88757108087494e-07,1.20507550295817e-06,0.318776487710996,0.318776487710996
"205","F_11",-8.76553474636298,-8.75816930013976,-8.7702340828988,-8.91363338535211,-8.91069125532063,-8.91363338535211,-8.76464604313385,-8.91265267534162,0.148006632207771,2.19921123608343e-06,4.19533689609198e-06,0.148006632207771,0.148006632207771
"206","G_11",-7.75734756161321,-7.76050564889472,-7.75968202011754,-7.97876840567481,-7.97706427723998,-7.97876840567481,-7.75917841020849,-7.9782003628632,0.219021952654715,3.86237470387898e-09,3.74533304618568e-08,0.219021952654715,0.219021952654715
"207","H_11",-9.6724253419715,-9.66331011379832,-9.66365513234376,-9.44126271100732,-9.44091769246187,-9.44126271100732,-9.66646352937119,-9.4411477048255,-0.225315824545691,1.84556551213401e-07,5.84733627606815e-07,-0.225315824545691,0
"208","I_11",-8.29188508696909,-8.30341416871194,-8.29865831556451,-8.34873893481177,-8.34839391626633,-8.34873893481177,-8.29798585708185,-8.34862392862996,0.0506380715481125,0.000111265478746542,0.000143568359672958,0.0506380715481125,0.0506380715481125
"209","K_11",-8.51034109374637,-8.49241392750554,-8.50445653749451,-7.88659413259976,-7.88497408521226,-7.88659413259976,-8.50240385291547,-7.88605411680392,-0.616349736111548,3.28755415258998e-08,1.53972898348753e-07,-0.616349736111548,0
"210","L_11",-7.45917290886508,-7.44749034638536,-7.45443809975505,-7.46868940142475,-7.47121161477547,-7.46868940142475,-7.4537004516685,-7.46953013920832,0.0158296875398278,0.0105855331890986,0.011560991878879,0,0
"211","M_11",-9.56237179650658,-9.59084047546588,-9.59118549401132,-9.44126271100732,-9.44091769246187,-9.44126271100732,-9.58146592199459,-9.4411477048255,-0.14031821716909,0.000124768729356481,0.000158436481722516,-0.14031821716909,0
"212","N_11",-8.59326580445236,-8.57842121621181,-8.56237179650658,-8.6812491923585,-8.68533642012832,-8.6812491923585,-8.57801960572358,-8.68261160161511,0.104591995891523,0.000316598475541215,0.000378028030496973,0.104591995891523,0.104591995891523
"213","P_11",-8.41159184433097,-8.39845527234016,-8.4079255271332,-8.12459034157145,-8.12274173243562,-8.12459034157145,-8.40599088126811,-8.12397413852617,-0.28201674274194,2.3338357827418e-07,6.85162798603097e-07,-0.28201674274194,0
"214","Q_11",-8.21459405077604,-8.22711596292291,-8.22423347443796,-8.3771323735876,-8.38037615052682,-8.3771323735876,-8.22198116271231,-8.37821363256734,0.156232469855036,2.41051358383898e-06,4.45875344987557e-06,0.156232469855036,0.156232469855036
"215","R_11",-8.96928141490203,-8.97434989254295,-8.97469491108839,-8.18605629530055,-8.18728198463033,-8.18605629530055,-8.97277540617779,-8.18646485841047,-0.786310547767314,1.63625909004531e-10,3.95303133074466e-09,-0.786310547767314,0
"216","S_11",-7.97063288576515,-7.96893639635658,-7.96523458183932,-7.74457512772733,-7.74538657821447,-7.74457512772733,-7.96826795465369,-7.74484561122304,-0.223422343430643,1.64393509605934e-08,1.03148868772351e-07,-0.223422343430643,0
"217","T_11",-8.30205689202638,-8.29154006842365,-8.29696202490362,-8.21139516910872,-8.20785834607357,-8.21139516910872,-8.29685299511788,-8.210216228097,-0.0866367670208774,1.18762225173916e-05,1.80113327277978e-05,-0.0866367670208774,0
"218","V_11",-7.87010600981119,-7.86346924539802,-7.8802302270849,-8.06131055339437,-8.06240606920814,-8.06131055339437,-7.87126849409804,-8.06167572533229,0.190407231234258,2.59212879306403e-06,4.73989265017423e-06,0.190407231234258,0.190407231234258
"219","W_11",-11.0992400090267,-11.0754360176573,-11.0641930619275,-10.9855832272311,-10.9852382086857,-10.9855832272311,-11.0796230295371,-10.9854682210493,-0.0941548084878363,0.000804376972926233,0.000919287969058551,-0.0941548084878363,0
"220","Y_11",-9.33649038909025,-9.36074734377789,-9.34347681940636,-9.44126271100732,-9.44091769246187,-9.44126271100732,-9.34690485075817,-9.4411477048255,0.0942428540673337,0.000197762852509259,0.00024340043385755,0.0942428540673337,0.0942428540673337
"221","A_12",-7.70579679997084,-7.68978232515951,-7.69347078677932,-7.74457512772733,-7.74307456643618,-7.74457512772733,-7.69634997063656,-7.74407494063028,0.0477249699937223,0.00060663992907278,0.000705908281102871,0.0477249699937223,0.0477249699937223
"222","C_12",-11.5064153905326,-11.5866888321954,-11.5064153905326,-9.99105835729728,-9.99071333875183,-9.99105835729728,-11.5331732044202,-9.99094335111546,-1.54222985330472,5.42628146236301e-07,1.31546217269406e-06,-1.54222985330472,0
"223","D_12",-7.83030500175321,-7.83980776916412,-7.83891813205792,-8.28851036018843,-8.29154006842365,-8.28851036018843,-7.83634363432509,-8.2895202629335,0.453176628608418,1.4801953334197e-08,9.53020908919564e-08,0.453176628608418,0.453176628608418
"224","E_12",-7.16889044059419,-7.1747639447839,-7.18213699095887,-7.63658688914559,-7.63731490526538,-7.63658688914559,-7.17526379211232,-7.63682956118552,0.461565769073204,2.87239270370379e-08,1.39267525028063e-07,0.461565769073204,0.461565769073204
"225","F_12",-8.90069432964461,-8.91849665780943,-8.92931500758438,-8.89812038598079,-8.90809881070411,-8.89812038598079,-8.91616866501281,-8.90144652755523,-0.0147221374575821,0.176549197304475,0.182834120185864,0,0
"226","G_12",-7.91233424520049,-7.91069125532063,-7.90585603476039,-8.00345390406981,-8.00587797474472,-8.00345390406981,-7.90962717842717,-8.00426192762812,0.0946347492009467,1.4654069958502e-06,2.98681680682843e-06,0.0946347492009467,0.0946347492009467
"227","H_12",-9.77731191413933,-9.76753748267396,-9.7585143186852,-9.43006450440245,-9.44091769246187,-9.43006450440245,-9.76778790516616,-9.43368223375559,-0.334105671410573,8.69562507131969e-07,1.90589042659062e-06,-0.334105671410573,0
"228","I_12",-8.24044370161922,-8.25155519850878,-8.22101317167032,-8.49859588607327,-8.4963025957383,-8.49859588607327,-8.23767069059944,-8.49783145596161,0.260160765362174,8.36673451287961e-06,1.33201743488631e-05,0.260160765362174,0.260160765362174
"229","K_12",-8.54817791492383,-8.55795711365209,-8.57054572795228,-7.83276065347953,-7.83241563493409,-7.83276065347953,-8.5588935855094,-7.83264564729771,-0.726247938211687,3.78915768453233e-08,1.66100062883609e-07,-0.726247938211687,0
"230","L_12",-7.43565274266473,-7.44749034638536,-7.44407589689881,-7.39516629641786,-7.39391420771309,-7.39516629641786,-7.44240632864963,-7.39474893351627,-0.0476573951333616,0.000176596288088953,0.000219886428748891,-0.0476573951333616,0
"231","M_12",-9.47923056120634,-9.4866005077889,-9.47155663332092,-9.33300982035529,-9.33963435662469,-9.33300982035529,-9.47912923410538,-9.33521799911176,-0.143911234993626,7.82287587174514e-06,1.25166013947922e-05,-0.143911234993626,0
"232","N_12",-8.72391565716124,-8.69647697773352,-8.69012734370495,-8.81565822578881,-8.81046380758198,-8.81565822578881,-8.70350665953324,-8.8139267530532,0.110420093519965,0.000464311743603563,0.00054424819763055,0.110420093519965,0.110420093519965
"233","P_12",-8.20025461150352,-8.20149584385003,-8.20820336461901,-8.17044256020693,-8.16854542204874,-8.17044256020693,-8.20331793999086,-8.16981018082087,-0.0335077591699893,0.000193276919686108,0.000238797738608319,-0.0335077591699893,0
"234","Q_12",-8.22584632540626,-8.22550130686082,-8.23393773775981,-8.37534131806161,-8.37142084529234,-8.37534131806161,-8.22842845667563,-8.37403449380519,0.145606037129559,1.15256943157755e-06,2.44253124572727e-06,0.145606037129559,0.145606037129559
"235","R_12",-9.05843379263881,-9.04949275040498,-9.08746284125034,-8.13062042366647,-8.13178687203863,-8.13062042366647,-9.06512979476471,-8.13100923979052,-0.934120554974188,1.36139153098518e-07,4.49118855582738e-07,-0.934120554974188,0
"236","S_12",-7.84138850088223,-7.83487547362189,-7.83276065347953,-7.71369581484336,-7.71221971427927,-7.71369581484336,-7.83634154266122,-7.713203781322,-0.12313776133922,1.26854817602186e-06,2.65309521273162e-06,-0.12313776133922,0
"237","T_12",-8.23556148023947,-8.21906069330299,-8.22746098146836,-8.24534250103206,-8.24336270039567,-8.24534250103206,-8.22736105167027,-8.2446825674866,0.0173215158163238,0.022721649829313,0.0244812388733338,0,0
"238","V_12",-7.92931500758438,-7.92503357447977,-7.91103627386607,-8.02295007969561,-8.02120370597356,-8.02295007969561,-7.92179495197674,-8.02236795512159,0.100573003144851,5.45337714150833e-05,7.23830075020769e-05,0.100573003144851,0.100573003144851
"239","W_12",-10.8401527877096,-10.8497232380292,-10.8303050017532,-10.6121248317037,-10.6202413919064,-10.6121248317037,-10.8400603424973,-10.6148303517713,-0.22522999072606,3.48220189273263e-06,6.22287777319477e-06,-0.22522999072606,0
"240","Y_12",-9.37176586383779,-9.38577613826941,-9.38612115681486,-9.17199635146201,-9.16854542204874,-9.17199635146201,-9.38122105297402,-9.17084604165759,-0.210375011316431,1.71202732596173e-06,3.44558958684122e-06,-0.210375011316431,0
"241","A_13",-7.69906046847496,-7.70095740071619,-7.69682199627896,-7.76905781292667,-7.77578484305673,-7.76905781292667,-7.69894662182337,-7.77130015630336,0.0723535344799897,9.05192120814587e-06,1.41990920912092e-05,0.0723535344799897,0.0723535344799897
"242","C_13",-11.0299773465896,-11.0638480433821,-11.0412926598174,-10.1534604000246,-10.1716513329166,-10.1534604000246,-11.0450393499297,-10.1595240443219,-0.885515305607772,1.79958124462528e-07,5.7586599828009e-07,-0.885515305607772,0
"243","D_13",-7.96793120886909,-7.95148152030949,-7.95717481204537,-8.24534250103206,-8.24009868307378,-8.24534250103206,-7.95886251374132,-8.24359456171263,0.284732047971316,6.30856322513837e-07,1.49536313484761e-06,0.284732047971316,0.284732047971316
"244","E_13",-7.39425922625853,-7.37320746476636,-7.3735524833118,-7.54012938615028,-7.53978436760484,-7.54012938615028,-7.3803397247789,-7.54001437996847,0.159674655189572,2.14049266907173e-05,3.03078608010157e-05,0.159674655189572,0.159674655189572
"245","F_13",-8.79875616587839,-8.82261800786661,-8.79875616587839,-8.82540620234038,-8.82017896241519,-8.82540620234038,-8.8067101132078,-8.82366378903198,0.0169536758241833,0.105770578476168,0.110249462906755,0,0
"246","G_13",-7.877692504283,-7.88115574586586,-7.88914757581658,-7.99380373403609,-7.99208537408196,-7.99380373403609,-7.88266527532181,-7.99323094738472,0.110565672062903,5.58516866537093e-06,9.26038327937149e-06,0.110565672062903,0.110565672062903
"247","H_13",-9.81565822578881,-9.82017896241519,-9.81565822578881,-9.45254851855383,-9.44466982732298,-9.45254851855383,-9.81716513799761,-9.44992228814355,-0.367242849854058,2.77126472630754e-08,1.36431494218217e-07,-0.367242849854058,0
"248","I_13",-8.21459405077604,-8.20945336562895,-8.20025461150352,-8.46773492236851,-8.47312627337221,-8.46773492236851,-8.2081006759695,-8.46953203936974,0.261431363400236,5.55757274935304e-07,1.32718155208431e-06,0.261431363400236,0.261431363400236
"249","K_13",-8.42820655818187,-8.45977671971319,-8.44501484586842,-7.88404520076906,-7.88497408521226,-7.88404520076906,-8.44433270792116,-7.88435482891679,-0.559977879004366,4.22338182188118e-07,1.07260490714443e-06,-0.559977879004366,0
"250","L_13",-7.43378759044517,-7.42600598305795,-7.43285591780001,-7.48888073124006,-7.48853571269461,-7.48888073124006,-7.43088316376771,-7.48876572505824,0.0578825612905325,1.92189134362363e-05,2.75787098636574e-05,0.0578825612905325,0.0578825612905325
"251","M_13",-9.55019708256048,-9.57430510773958,-9.55019708256048,-9.35049724708413,-9.33963435662469,-9.35049724708413,-9.55823309095351,-9.34687628359765,-0.211356807355859,1.79384403660148e-05,2.59742122946821e-05,-0.211356807355859,0
"252","N_13",-8.48308288670194,-8.4963025957383,-8.49664761428375,-8.72619659841248,-8.7235706386158,-8.72619659841248,-8.49201103224133,-8.72532127848025,0.233310246238918,8.65817189214396e-07,1.90589042659062e-06,0.233310246238918,0.233310246238918
"253","P_13",-8.21139516910872,-8.20785834607357,-8.20025461150352,-8.12308675098106,-8.12725721355811,-8.12308675098106,-8.20650270889527,-8.12447690517341,-0.0820258037218586,2.12257042015293e-05,3.01876681977305e-05,-0.0820258037218586,0
"254","Q_13",-8.27676059741062,-8.3000115844911,-8.30205689202638,-8.29865831556451,-8.3000115844911,-8.29865831556451,-8.2929430246427,-8.29910940520671,0.00616638056400731,0.490165076777286,0.49794547482137,0,0
"255","R_13",-9.05843379263881,-9.07543601765726,-9.0816101150049,-8.20820336461901,-8.20149584385003,-8.20820336461901,-9.07182664176699,-8.20596752436268,-0.865859117404305,2.99915886045201e-08,1.43243408260395e-07,-0.865859117404305,0
"256","S_13",-7.92406883801842,-7.91719282126259,-7.92406883801842,-7.71256473282471,-7.71448276578784,-7.71256473282471,-7.92177683243314,-7.71320407714575,-0.208572755287391,1.0155275583648e-07,3.5322697682254e-07,-0.208572755287391,0
"257","T_13",-8.23556148023947,-8.24009868307378,-8.25190021705422,-8.24370771894111,-8.24499748248662,-8.24370771894111,-8.24252012678916,-8.24413764012295,0.00161751333379101,0.757338524498786,0.757338524498786,0,0
"258","V_13",-7.81565822578881,-7.80683742517603,-7.80959901889435,-8.01595687627464,-8.01421727565745,-8.01595687627464,-7.8106982232864,-8.01537700940225,0.20467878611585,1.73218539946722e-07,5.65611559009703e-07,0.20467878611585,0.20467878611585
"259","W_13",-10.6290979103074,-10.603367573342,-10.6121248317037,-10.6376599238108,-10.6373149052654,-10.6376599238108,-10.614863438451,-10.637544917629,0.022681479177967,0.0398365814613539,0.0422109472438187,0,0
"260","Y_13",-9.1565332340742,-9.16235358833448,-9.1565332340742,-9.29188508696909,-9.2949227078183,-9.29188508696909,-9.15847335216096,-9.29289762725216,0.134424275091199,4.20742914168816e-07,1.07260490714443e-06,0.134424275091199,0.134424275091199
"261","A_14",-7.64843439540499,-7.64269208271983,-7.65059897951832,-7.70579679997084,-7.70095740071619,-7.70579679997084,-7.64724181921438,-7.70418366688596,0.0569418476715766,3.74423962145818e-05,5.0769350799433e-05,0.0569418476715766,0.0569418476715766
"262","C_14",-10.7170943913052,-10.7350115791525,-10.7080492517022,-10.0584337926388,-10.0466387533498,-10.0584337926388,-10.72005174072,-10.0545021128758,-0.665549627844172,1.8690092167163e-07,5.8635583269531e-07,-0.665549627844172,0
"263","D_14",-7.87515923753748,-7.88497408521226,-7.87263041122674,-8.31230092352318,-8.31024350710205,-8.31230092352318,-7.87758791132549,-8.31161511804947,0.434027206723985,3.62299030988622e-08,1.63289704107548e-07,0.434027206723985,0.434027206723985
"264","E_14",-7.41895254928223,-7.40941250253665,-7.41710884929854,-7.62270958234485,-7.62662030446914,-7.62270958234485,-7.41515796703914,-7.62401315638628,0.20885518934714,3.29822906718732e-07,8.78162154792228e-07,0.20885518934714,0.20885518934714
"265","F_14",-8.73995849965696,-8.74191994849469,-8.72391565716124,-8.86758601783268,-8.85970732660182,-8.86758601783268,-8.73526470177096,-8.86495978742239,0.129695085651429,3.2440646956029e-05,4.41744979826778e-05,0.129695085651429,0.129695085651429
"266","G_14",-7.82052398096063,-7.82995998320777,-7.81687312694767,-7.92145288981141,-7.92372381947298,-7.92145288981141,-7.82245236370536,-7.92220986636527,0.0997575026599087,1.49184146692198e-05,2.18985903401392e-05,0.0997575026599087,0.0997575026599087
"267","H_14",-9.87515923753748,-9.88497408521225,-9.89042599419079,-9.43006450440245,-9.43717529077606,-9.43006450440245,-9.88351977231351,-9.43243476652699,-0.451085005786519,9.46685891618072e-08,3.44249415133844e-07,-0.451085005786519,0
"268","I_14",-8.1844872956452,-8.17788328662808,-8.1766677911859,-8.40062072650997,-8.40027570796453,-8.40062072650997,-8.17967945781973,-8.40050572032816,0.220826262508428,8.82128685486945e-08,3.32095505124497e-07,0.220826262508428,0.220826262508428
"269","K_14",-8.53212550963846,-8.53577687880331,-8.5182246928222,-7.85880054893781,-7.86096020991191,-7.85880054893781,-8.52870902708799,-7.85952043592917,-0.669188591158817,2.53420229512983e-08,1.34240495135341e-07,-0.669188591158817,0
"270","L_14",-7.37265889700829,-7.36874505774157,-7.38521975407332,-7.43565274266473,-7.4343748465951,-7.43565274266473,-7.3755412362744,-7.43522677730819,0.0596855410337929,0.000279445307109998,0.000334915723877152,0.0596855410337929,0.0596855410337929
"271","M_14",-9.47538849491194,-9.4866005077889,-9.49859588607327,-9.51034109374637,-9.50999607520092,-9.51034109374637,-9.48686162959137,-9.51022608756455,0.023364457973182,0.0252057172507097,0.0270665420141849,0,0
"272","N_14",-8.50250034052918,-8.53178049109302,-8.5182246928222,-8.70579679997084,-8.70770423315678,-8.70579679997084,-8.51750184148147,-8.70643261103282,0.18893076955135,2.4073208410996e-05,3.33481674957521e-05,0.18893076955135,0.18893076955135
"273","P_14",-8.34522872616795,-8.33788880887286,-8.33649038909025,-8.17199635146201,-8.17320679941861,-8.17199635146201,-8.33986930804369,-8.17239983411421,-0.167469473929483,4.29063004178865e-07,1.08110363257667e-06,-0.167469473929483,0
"274","Q_14",-8.35402031364783,-8.34839391626633,-8.35932109747114,-8.29865831556451,-8.29661700635817,-8.29865831556451,-8.3539117757951,-8.2979778791624,-0.0559338966327001,6.50567202404247e-05,8.53202888399012e-05,-0.0559338966327001,0
"275","R_14",-9.06708134125232,-9.06673632270688,-9.0816101150049,-8.19077355849264,-8.19042853994719,-8.19077355849264,-9.0718092596547,-8.19065855231082,-0.881150707343878,5.74954624135661e-09,4.97258053306518e-08,-0.881150707343878,0
"276","S_14",-7.96658226530107,-7.96758619032365,-7.96928141490203,-7.75501687444898,-7.7535079227699,-7.75501687444898,-7.96781662350891,-7.75451389055595,-0.213302732952962,2.21065765486122e-09,2.28196919211481e-08,-0.213302732952962,0
"277","T_14",-8.24697913766917,-8.24827261451948,-8.25848787708898,-8.28514350909003,-8.29154006842365,-8.28514350909003,-8.25124654309254,-8.28727569553457,0.0360291524420298,0.00103143486648574,0.00117042254352992,0.0360291524420298,0.0360291524420298
"278","V_14",-7.85255780860034,-7.86472540136845,-7.86758601783267,-8.03562390973072,-8.03811048196844,-8.03562390973072,-7.86162307593382,-8.0364527671433,0.174829691209474,3.06936816561738e-06,5.51796524155933e-06,0.174829691209474,0.174829691209474
"279","W_14",-10.9110362738661,-10.8597073266018,-10.8401527877096,-10.7725895038969,-10.7722444853515,-10.7725895038969,-10.8702987960592,-10.7724744977151,-0.0978242983440385,0.00982080486551691,0.0107995105050358,0,0
"280","Y_14",-9.21940571184843,-9.1967423138794,-9.15346040002458,-9.16269860687992,-9.15926760846073,-9.16269860687992,-9.1898694752508,-9.16155494074019,-0.0283145345106135,0.217772729329996,0.224797656082576,0,0
"281","A_15",-7.66474849733803,-7.66988276772181,-7.67352537636782,-7.72733842280203,-7.72243151890333,-7.72733842280203,-7.66938554714256,-7.72570278816913,0.056317241026572,4.90612925320038e-05,6.59647630682404e-05,0.056317241026572,0.056317241026572
"282","C_15",-11.1230867509811,-11.1107690907695,-11.0992400090267,-10.0412926598174,-10.0352788911853,-10.0412926598174,-11.1110319502591,-10.0392880702734,-1.07174387998573,1.20226184775307e-08,8.54696856067924e-08,-1.07174387998573,0
"283","D_15",-7.89298623450935,-7.89520600782321,-7.91363338535211,-8.24697913766917,-8.24827261451948,-8.24697913766917,-7.90060854256156,-8.24741029661927,0.346801754057712,7.65407893720916e-07,1.73709592901201e-06,0.346801754057712,0.346801754057712
"284","E_15",-7.36109236232333,-7.34225664460667,-7.34786058163951,-7.57670671257896,-7.57533303442424,-7.57670671257896,-7.35040319618984,-7.57624881986072,0.225845623670881,2.26329821156717e-06,4.26032604530291e-06,0.225845623670881,0.225845623670881
"285","F_15",-8.84758299318505,-8.80563065384603,-8.81080882612742,-8.82785352275912,-8.83241563493408,-8.82785352275912,-8.82134082438617,-8.82937422681744,0.00803340243127515,0.578231186542604,0.585550568650738,0,0
"286","G_15",-7.86381426394347,-7.86346924539802,-7.877692504283,-7.92800167564035,-7.92110787126597,-7.92800167564035,-7.86832533787483,-7.92570374084889,0.0573784029740594,0.000388655825417779,0.000458929387947193,0.0573784029740594,0.0573784029740594
"287","H_15",-9.62483588345324,-9.62449086490779,-9.60371259188748,-9.4079255271332,-9.41492248392893,-9.4079255271332,-9.61767978008284,-9.41025784606511,-0.207421934017724,9.44963596414904e-06,1.47506512611107e-05,-0.207421934017724,0
"288","I_15",-8.3735524833118,-8.36252078596911,-8.37176586383779,-8.46392330841849,-8.45787968454059,-8.46392330841849,-8.36927971103957,-8.46190876712586,0.0926290560862899,1.99600270053348e-05,2.85143242933354e-05,0.0926290560862899,0.0926290560862899
"289","K_15",-8.3417270374564,-8.32745964267859,-8.33649038909025,-7.86130522845735,-7.85970732660182,-7.86130522845735,-8.33522568974175,-7.86077259450551,-0.474453095236242,3.68537777760602e-08,1.63794567893601e-07,-0.474453095236242,0
"290","L_15",-7.51624975063714,-7.52680052397739,-7.52020234226264,-7.42449782852791,-7.4250790989651,-7.42449782852791,-7.52108420562573,-7.42469158534031,-0.0963926202854184,6.2408796588379e-06,1.02942344888048e-05,-0.0963926202854184,0
"291","M_15",-9.55019708256048,-9.52978644096093,-9.53013145950637,-9.63337256540772,-9.641615042699,-9.63337256540772,-9.53670499434259,-9.63612005783815,0.0994150634955542,0.000166961179757043,0.000208701474696304,0.0994150634955542,0.0994150634955542
"292","N_15",-8.5182246928222,-8.52382077412454,-8.52218270639088,-8.69682199627896,-8.70320284092183,-8.69682199627896,-8.52140939111254,-8.69894894449325,0.177539553380711,3.19840473228826e-07,8.67363995196817e-07,0.177539553380711,0.177539553380711
"293","P_15",-8.27008916336774,-8.27976290064729,-8.27175413186285,-8.09924000902669,-8.09446727844044,-8.09924000902669,-8.2738687319593,-8.09764909883128,-0.176219633128021,8.13344477796279e-07,1.80743217288062e-06,-0.176219633128021,0
"294","Q_15",-8.22101317167032,-8.23846943948912,-8.22423347443796,-8.35049724708413,-8.35367529510239,-8.35049724708413,-8.2279053618658,-8.35155659642355,0.123651234557752,2.26289767962392e-05,3.16747303584154e-05,0.123651234557752,0.123651234557752
"295","R_15",-8.96928141490203,-8.96893639635658,-8.96928141490203,-8.31917091289023,-8.32399994068272,-8.31917091289023,-8.96916640872021,-8.32078058882106,-0.648385819899154,2.30237277834802e-10,4.33387817100804e-09,-0.648385819899154,0
"296","S_15",-7.91884167635487,-7.93951990837985,-7.92537859302521,-7.72962478626136,-7.73042430965686,-7.72962478626136,-7.92791339258664,-7.72989129405986,-0.198022098526785,5.39749127775124e-06,9.04291732398113e-06,-0.198022098526785,0
"297","T_15",-8.23231582073582,-8.23521646169403,-8.24207478719815,-8.22423347443796,-8.22711596292291,-8.22423347443796,-8.236535689876,-8.22519430393294,-0.0113413859430551,0.0204738131890417,0.0221338520962613,0,0
"298","V_15",-7.87515923753748,-7.89649011564354,-7.87515923753748,-8.01177716777635,-8.0156118577292,-8.01177716777635,-7.8822695302395,-8.01305539776064,0.130785867521141,5.47396494234457e-05,7.23830075020769e-05,0.130785867521141,0.130785867521141
"299","W_15",-10.8108088261274,-10.7722444853515,-10.7725895038969,-10.6636551323438,-10.6545928966972,-10.6636551323438,-10.7852142717919,-10.6606343871282,-0.124579884663698,0.000692450931988121,0.000797065820993521,-0.124579884663698,0
"300","Y_15",-9.19392699153151,-9.19042853994719,-9.17199635146201,-9.36819924881759,-9.37142084529234,-9.36819924881759,-9.1854506276469,-9.36927311430918,0.183822486662274,1.17102023185828e-05,1.78441178187928e-05,0.183822486662274,0.183822486662274
"301","A_16",-7.71936456493005,-7.71674937275978,-7.71596064268822,-7.76319080589468,-7.76871279438123,-7.76319080589468,-7.71735819345935,-7.76503146872353,0.0476732752641782,2.2667228912741e-05,3.16747303584154e-05,0.0476732752641782,0.0476732752641782
"302","C_16",-11.1844872956452,-11.1967423138794,-11.1844872956452,-9.8451020036813,-9.84475698513585,-9.8451020036813,-11.1885723017233,-9.84498699749948,-1.34358530422378,5.13478766857268e-10,8.21566026971629e-09,-1.34358530422378,0
"303","D_16",-7.90585603476039,-7.92241525245275,-7.90198302561318,-8.20025461150352,-8.20467358751561,-8.20025461150352,-7.91008477094211,-8.20172760350755,0.291642832565441,1.41894367390295e-06,2.91065369005732e-06,0.291642832565441,0.291642832565441
"304","E_16",-7.40975752108209,-7.40758050858776,-7.41159184433097,-7.65276681620103,-7.65025396097288,-7.65276681620103,-7.40964329133361,-7.65192919779164,0.242285906458035,7.28535086023668e-09,5.80614373334667e-08,0.242285906458035,0.242285906458035
"305","F_16",-8.92668953817756,-8.94482394023978,-8.95316174953875,-8.71482778433328,-8.71221971427927,-8.71482778433328,-8.94155840931869,-8.71395842764861,-0.227599981670085,8.47756573264791e-06,1.34298071012244e-05,-0.227599981670085,0
"306","G_16",-7.7915726072645,-7.78051887533041,-7.77494877677085,-7.95851498403296,-7.96488956329388,-7.95851498403296,-7.78234675312192,-7.9606398437866,0.178293090664678,4.75385675429888e-06,8.13494203944194e-06,0.178293090664678,0.178293090664678
"307","H_16",-9.78204983314599,-9.76284578734924,-9.77731191413933,-9.2684261141451,-9.25484526844296,-9.2684261141451,-9.77406917821152,-9.26389916557772,-0.5101700126338,2.56534324575258e-07,7.32955213072165e-07,-0.5101700126338,0
"308","I_16",-8.33649038909025,-8.34488370762251,-8.34873893481177,-8.40426850352511,-8.40758050858776,-8.40426850352511,-8.34337101050818,-8.40537250521266,0.0620014947044822,8.0929668348259e-05,0.000105704056618134,0.0620014947044822,0.0620014947044822
"309","K_16",-8.3226182145087,-8.32399994068272,-8.31573182892346,-7.96928141490203,-7.97028786721971,-7.96928141490203,-8.32078332803829,-7.96961689900792,-0.351166429030371,1.74471531755518e-08,1.05341302192011e-07,-0.351166429030371,0
"310","L_16",-7.45917290886508,-7.4664360558274,-7.46392330841849,-7.4015318064524,-7.40301067568577,-7.4015318064524,-7.46317742437032,-7.40202476286352,-0.0611526615068021,9.7124364734113e-06,1.50872799586972e-05,-0.0611526615068021,0
"311","M_16",-9.56237179650658,-9.57430510773958,-9.57465012628502,-9.43006450440245,-9.42230201429453,-9.43006450440245,-9.57044234351039,-9.42747700769981,-0.142965335810581,7.53355148692906e-06,1.21142536473231e-05,-0.142965335810581,0
"312","N_16",-8.51624975063714,-8.51787967427676,-8.51034109374637,-8.68346361342394,-8.68533642012832,-8.68346361342394,-8.51482350622009,-8.6840878823254,0.169264376105316,2.31723278445431e-07,6.85162798603097e-07,0.169264376105316,0.169264376105316
"313","P_16",-8.31230092352318,-8.30511847492419,-8.31230092352318,-8.1657912019353,-8.16235358833448,-8.1657912019353,-8.30990677399019,-8.16464533073503,-0.14526144325516,6.67332743305312e-07,1.57019469013015e-06,-0.14526144325516,0
"314","Q_16",-8.33649038909025,-8.33440403654839,-8.3469827629079,-8.41526750247437,-8.4167638307531,-8.41526750247437,-8.33929239618218,-8.41576627856728,0.0764738823851001,4.08680403738106e-05,5.51804764540903e-05,0.0764738823851001,0.0764738823851001
"315","R_16",-8.61423557829949,-8.62024139190644,-8.62270958234485,-8.23718705228852,-8.23359271921437,-8.23718705228852,-8.61906218418359,-8.2359889412638,-0.383073242919791,1.6803346554531e-08,1.03405209566345e-07,-0.383073242919791,0
"316","S_16",-7.92537859302521,-7.91849665780943,-7.92145288981141,-7.78086389387585,-7.78289172955099,-7.78086389387585,-7.92177604688202,-7.7815398391009,-0.140236207781118,3.03962196852361e-07,8.31349598228679e-07,-0.140236207781118,0
"317","T_16",-8.24370771894111,-8.24336270039567,-8.25190021705422,-8.24697913766917,-8.24172976865271,-8.24697913766917,-8.24632354546367,-8.24522934799701,-0.00109419746665651,0.756389560074307,0.757338524498786,0,0
"318","V_16",-7.8802302270849,-7.87861578915189,-7.87642531488147,-8.02856915219677,-8.02260506115017,-8.02856915219677,-7.87842377703942,-8.0265811218479,0.148157344808486,3.32055064780811e-07,8.78162154792228e-07,0.148157344808486,0.148157344808486
"319","W_16",-10.8802302270849,-10.8497232380292,-10.8401527877096,-10.6376599238108,-10.6459280355701,-10.6376599238108,-10.8567020842746,-10.6404159610639,-0.216286123210645,6.33132040378865e-05,8.33754127247889e-05,-0.216286123210645,0
"320","Y_16",-9.25519028698841,-9.25155519850878,-9.22907744666927,-9.23556148023947,-9.23846943948912,-9.23556148023947,-9.24527431072215,-9.23653079998935,-0.00874351073279733,0.347601429372169,0.355375263255891,0,0
